{
  "n_sims": 10000,
  "case_names": [
    "A",
    "B",
    "C",
    "D",
    "E"
  ],
  "average_inputs": {
    "storage": 4.989098595612146,
    "transport_cost": 85.5256165360503,
    "coating_cost": 10.21497323035857,
    "decoating_time": 7.293735243366874,
    "max_uses": 120.0,
    "peelcoating_price": 3.8283175286350977
  },
  "average_cost_per_case": {
    "A": 1160.606168593163,
    "B": 1258.030117836564,
    "C": 3250.606168593163,
    "D": 1542.056803922905,
    "E": 832.0267840120506
  },
  "probability_each_case_is_cheapest": {
    "E": 1.0
  },
  "cost_descriptive_statistics": {
    "A": {
      "count": 10000.0,
      "mean": 1160.606168593163,
      "std": 210.0736711928869,
      "min": 303.80874925063574,
      "25%": 1017.421301823618,
      "50%": 1153.4721737430655,
      "75%": 1296.7957545995218,
      "max": 2073.612276466978
    },
    "B": {
      "count": 10000.0,
      "mean": 1258.030117836564,
      "std": 220.4382399476305,
      "min": 298.15772810814445,
      "25%": 1111.687885636535,
      "50%": 1259.50722650794,
      "75%": 1404.7237243824493,
      "max": 2044.454948666364
    },
    "C": {
      "count": 10000.0,
      "mean": 3250.606168593163,
      "std": 210.07367119288693,
      "min": 2393.8087492506356,
      "25%": 3107.4213018236183,
      "50%": 3243.4721737430655,
      "75%": 3386.795754599522,
      "max": 4163.612276466978
    },
    "D": {
      "count": 10000.0,
      "mean": 1542.056803922905,
      "std": 172.24550668090203,
      "min": 802.0588644704886,
      "25%": 1424.1844473882047,
      "50%": 1542.7432340688003,
      "75%": 1659.5150394760462,
      "max": 2141.26005621079
    },
    "E": {
      "count": 10000.0,
      "mean": 832.0267840120506,
      "std": 187.41882633789498,
      "min": 26.764006504420763,
      "25%": 703.5013627995276,
      "50%": 832.5539686187522,
      "75%": 960.3220069867589,
      "max": 1496.1870768023384
    }
  },
  "input_correlations_by_case": {
    "A": {
      "transport_cost": 0.8924448503435222,
      "peelcoating_price": 0.4104066479835067,
      "decoating_time": 0.17465554216095844,
      "coating_cost": 0.0154345699545513,
      "storage": -0.014005789514375753,
      "max_uses": NaN
    },
    "B": {
      "transport_cost": 0.9354873987283961,
      "coating_cost": 0.30587790895818956,
      "decoating_time": 0.18213727466464588,
      "peelcoating_price": 0.0034539383938232237,
      "storage": -0.004011829001119155,
      "max_uses": NaN
    },
    "C": {
      "transport_cost": 0.8924448503435238,
      "peelcoating_price": 0.41040664798350707,
      "decoating_time": 0.1746555421609592,
      "coating_cost": 0.015434569954550982,
      "storage": -0.014005789514375587,
      "max_uses": NaN
    },
    "D": {
      "transport_cost": 0.9980181024695339,
      "coating_cost": 0.07261851922620514,
      "peelcoating_price": 0.008020402582967791,
      "storage": -0.005290650711521522,
      "decoating_time": -0.012957815090141003,
      "max_uses": NaN
    },
    "E": {
      "transport_cost": 0.9999992183092742,
      "coating_cost": 0.009776197844542514,
      "peelcoating_price": 0.007372794777013191,
      "storage": -0.006864748721779836,
      "decoating_time": -0.013667346339707051,
      "max_uses": NaN
    }
  }
}