{
  "n_sims": 10000,
  "case_names": [
    "A",
    "B",
    "C"
  ],
  "average_inputs": {
    "storage": 4.9800333568962385,
    "transport_cost": 84.9712528969676,
    "coating_cost": 11.578404038589106,
    "decoating_time": 11.671953773556432,
    "peelcoating_price": 14.504782715307362,
    "peelcoating_time": 20.00768574007237
  },
  "average_cost_per_case": {
    "A": 35.62454239105989,
    "B": 128.06584532337183,
    "C": 151.796619256641
  },
  "probability_each_case_is_cheapest": {
    "A": 0.9993,
    "C": 0.0007
  },
  "cost_descriptive_statistics": {
    "A": {
      "count": 10000.0,
      "mean": 35.62454239105989,
      "std": 3.7996954034009804,
      "min": 22.681728607448008,
      "25%": 32.95154153207358,
      "50%": 35.608664690027375,
      "75%": 38.27786488598695,
      "max": 50.48373948142748
    },
    "B": {
      "count": 10000.0,
      "mean": 128.06584532337183,
      "std": 25.526940729995808,
      "min": 25.102828540531075,
      "25%": 110.88258499630359,
      "50%": 128.04984656577227,
      "75%": 145.37211633881006,
      "max": 220.13703295458888
    },
    "C": {
      "count": 10000.0,
      "mean": 151.796619256641,
      "std": 37.81150513086026,
      "min": -1.528211638207834,
      "25%": 126.32524301239914,
      "50%": 152.10732144175972,
      "75%": 176.93511203531713,
      "max": 284.7442581831298
    }
  },
  "input_correlations_by_case": {
    "A": {
      "peelcoating_time": 0.7158492430703147,
      "decoating_time": 0.5393183980879547,
      "peelcoating_price": 0.4360466524851751,
      "storage": 0.004352751784395975,
      "coating_cost": 0.0021345157180677104,
      "transport_cost": 0.0004898036086321236
    },
    "B": {
      "transport_cost": 0.9817838387485965,
      "peelcoating_time": 0.11100642900908134,
      "storage": 0.10122979848521294,
      "decoating_time": 0.07933185839044667,
      "peelcoating_price": 0.061084618528982046,
      "coating_cost": -0.012682461401841243
    },
    "C": {
      "transport_cost": 0.9942375999609556,
      "coating_cost": 0.06267611920005088,
      "decoating_time": 0.05349909919426864,
      "storage": 0.035693234735491144,
      "peelcoating_time": 0.004265503464410706,
      "peelcoating_price": -0.004084227025145113
    }
  }
}