{
  "n_sims": 10000,
  "case_names": [
    "A",
    "B",
    "C"
  ],
  "average_inputs": {
    "storage": 5.006387782251593,
    "transport_cost": 84.89788700319497,
    "coating_cost": 11.578332550174466,
    "decoating_time": 11.711185621538366,
    "peelcoating_time": 20.0039900992688
  },
  "average_cost_per_case": {
    "A": 23.480950480538112,
    "B": 28.101323914366727,
    "C": 26.003450545552244
  },
  "probability_each_case_is_cheapest": {
    "A": 0.7092,
    "C": 0.2908
  },
  "cost_descriptive_statistics": {
    "A": {
      "count": 10000.0,
      "mean": 23.480950480538112,
      "std": 3.41387437456402,
      "min": 13.907350291508962,
      "25%": 21.086891292225758,
      "50%": 23.46041631266962,
      "75%": 25.859733876907327,
      "max": 35.40346142647063
    },
    "B": {
      "count": 10000.0,
      "mean": 28.101323914366727,
      "std": 3.62748914345028,
      "min": 15.610881135136557,
      "25%": 25.578208580183965,
      "50%": 28.090634346169573,
      "75%": 30.636060327998592,
      "max": 40.588305094585166
    },
    "C": {
      "count": 10000.0,
      "mean": 26.003450545552244,
      "std": 3.9931170548304817,
      "min": 12.8838720604104,
      "25%": 23.11804149722606,
      "50%": 25.992255698542216,
      "75%": 28.85706650395521,
      "max": 40.066796741759724
    }
  },
  "input_correlations_by_case": {
    "A": {
      "peelcoating_time": 0.7946077148782266,
      "decoating_time": 0.6017215785332499,
      "storage": 0.012437652561596232,
      "coating_cost": 0.007287559074432359,
      "transport_cost": -0.009529157589625786
    },
    "B": {
      "peelcoating_time": 0.7462771609156544,
      "decoating_time": 0.5637608454484706,
      "transport_cost": 0.3342550360062689,
      "storage": 0.048287368056226396,
      "coating_cost": 0.007549456721285215
    },
    "C": {
      "coating_cost": 0.7169986711715519,
      "decoating_time": 0.5150438775814754,
      "transport_cost": 0.4662959190552651,
      "storage": 0.014028194363056386,
      "peelcoating_time": 0.0008771859020660751
    }
  }
}